[
    {
        "group-title": "Blackmagic Design Capture Card Driver",
        "packages" : ["desktopvideo"]
    },
    {
        "group-title": "DVD Player Plugin",
        "packages" : ["userful-plugin-dvd-player"]
    },
    {
        "group-title": "Media Player Codecs",
        "packages" : ["gstreamer1-plugins-ugly"]
    },
    {
        "group-title": "VirtualBox Extension Pack (VDI)",
        "packages" : ["userful-plugin-vdi-extpack-install"]
    },
    {
        "group-title": "Chinese input support",
        "packages" : ["ibus-libpinyin", "imsettings-xim", "gtk2-immodule-xim","gtk3-immodule-xim"]
    },
    {
        "group-title": "Japanese input support",
        "packages" : ["ibus-anthy", "imsettings-xim", "gtk2-immodule-xim","gtk3-immodule-xim"]
    },
    {
        "group-title": "Korean input support",
        "packages" : ["ibus-hangul","imsettings-xim", "gtk2-immodule-xim","gtk3-immodule-xim"]
    },
    {
        "group-title": "LibreOffice",
        "packages" :
        [
            "libreoffice-calc",
            "libreoffice-impress",
            "libreoffice-writer",
            "libreoffice-langpack-en",
            "libreoffice-langpack-fr",
            "libreoffice-langpack-es"
        ]
    },
    {
        "group-title": "Educational Programs",
        "packages" :
        [
            "kdegraphics",
            "marble",
            "scribus",
            "soprano",
            "transmission-gtk",
            "tuxpaint",
            "vym"
        ]
    },
    {
        "group-title": "Desktop Software Suite",
        "packages" :
        [
            "atril",
            "eom",
            "gedit",
            "system-config-users"
        ]
    },
    {
        "group-title": "Userful sample media (Llama Drama 128MB)",
        "packages" :
        [
            "userful-sample-media"
        ]
    },
    {
        "group-title": "Userful sample media 4K (Llama Drama 386MB)",
        "packages" :
        [
            "userful-sample-media-4K"
        ]
    },
    {
        "group-title": "Userful sample media 6K (Aerial Stage 59MB)",
        "packages" :
        [
            "userful-sample-media-6K"
        ]
    },
    {
        "group-title": "Userful Test Videos (2MB)",
        "packages" :
        [
            "userful-test-videos"
        ]
    },
    {
        "group-title": "Userful Test Videos 60fps (3MB)",
        "packages" :
        [
            "userful-test-videos-60fps"
        ]
    },
    {
        "group-title": "Userful Test Videos 4K (5MB)",
        "packages" :
        [
            "userful-test-videos-4K"
        ]
    },
    {
        "group-title": "Userful Test Videos 4K 60fps (6MB)",
        "packages" :
        [
            "userful-test-videos-4K-60fps"
        ]
    },
    {
        "group-title": "Userful Test Videos 6K (9MB)",
        "packages" :
        [
            "userful-test-videos-6K"
        ]
    },
    {
        "group-title": "Userful Test Videos 8K (14MB)",
        "packages" :
        [
            "userful-test-videos-8K"
        ]
    },
    {
        "group-title": "Userful Sample videos (500MB)",
        "packages" :
        [
            "userful-content-videowall-samples"
        ]
    },
    {
        "group-title": "Userful 4K sample videos (1GB)",
        "packages" :
        [
            "userful-content-videowall-samples-4k"
        ]
    },
    {
        "group-title": "Userful additional 4K sample videos (2.2GB)",
        "packages" :
        [
            "userful-content-videowall-samples-4k-extras"
        ]
    }
]
