{
    "appInfo" : {
        "appName": "Control Center",
        "companyName": "Userful",
        "productName": "Userful",
        "productVersion": "8.8.1"
    },
    "urls" : {
        "broadcastHelpURL": "http://support.userful.com/Docs/Broadcast_Alerts",
        "changeBIOSSettingsHelpURL": "http://support.userful.com/Docs/How_To_Schedule_Power_On",
        "changeHostnameHelpURL": "http://support.userful.com/wiki/index.php/Manuals/How_To_Change_System_Hostname",
        "changeUserPasswdHelpURL": "http://support.userful.com/Docs/System_Operations#Change_User_Password",
        "changeRootPasswdHelpURL": "http://support.userful.com/Docs/System_Operations#Set_Root_Password",
        "connectionSettingLearnMoreURL": "http://support.userful.com/Docs/Managing_Network_Stations#Zero-Client_Configuration",
        "contactSupportURL": "http://support.userful.com/Docs/Contact_Support",
        "contactURL": "http://www.userful.com/company/contact-us",
        "createUserHelpURL": "http://support.userful.com/Docs/System_Operations#Create_Staff_User",
        "dhcpdHelpURL": "http://support.userful.com/wiki/index.php/Manuals/How_To_Configure_DHCP_Server",
        "displayManagementLearnMoreURL": "http://support.userful.com/wiki/index.php/Manuals/Control_Center#Display_Management",
        "displaySettingHelpURL": "http://support.userful.com/Docs/Display_Settings",
        "displaySizeURL": "http://support.userful.com/Manuals/Userful_Network_Video_Wall/Display_Panel_Size",
        "displayScalingHelpURL": "http://support.userful.com/Docs/System_Operations#Display_Scaling",
        "documentationURL": "http://support.userful.com/Docs",
        "dpmsLearnMoreURL": "http://support.userful.com/Docs/System_Operations#DPMS_Settings",
        "dpmsPageHelpURL": "http://support.userful.com/Docs/System_Operations#DPMS_Settings",
        "failoverHelpURL": "http://support.userful.com/Docs/Failover",
        "helpSupportHelpURL": "http://support.userful.com/Docs/Help_and_Support",
        "hostNameHelpURL": "http://support.userful.com/Docs/System_Operations#Change_Hostname",
        "infoURL": "http://userful.com",
        "maintenanceAndSupportLearnMoreURL": "http://support.userful.com/Request_For_Maintenance_and_Support",
        "manualFailoverURL": "http://support.userful.com/Manuals/How_To_Enable_Failover",
        "miniLaunchHelpURL": "http://support.userful.com/Docs/Browser_Remote",
        "mirrorGroupHelpURL": "http://support.userful.com/Docs/Station_Mapping#Mirror_Group",
        "networkInterfaceHelpURL": "http://support.userful.com/Manuals/Userful_Network_Video_Wall/System_Operations#Configuring_Network",
        "networkShareLearnMoreURL": "http://support.userful.com/Docs/Shared_Files#Network_Share_Access",
        "networkStationsHelpURL": "http://support.userful.com/Docs/Managing_Network_Stations",
        "networkStationsLearnMoreURL": "http://support.userful.com/Manuals/Managing_Network_Zero_Client_Stations",
        "nvidiaHelpURL": "http://support.userful.com/Docs/Nvidia_Offload_Support",
        "performanceSettingsHelpURL": "http://support.userful.com/Docs/Performance_Settings",
        "presetSettingsHelpURL" : "http://support.userful.com/Docs/System_Operations#Preset_Settings",
        "presetStationMappingHelpURL" : "http://support.userful.com/Docs/Preset_Station_Mapping",
        "remoteControlHelpURL": "http://support.userful.com/Docs/Preset_Remote_Control",
        "releaseURL": "http://support.userful.com/wiki/index.php/Manuals/Userful_PRODUCT/Release_Notes/VERSION",
        "sessionSettingHelpURL": "http://support.userful.com/Docs/Session_Management/Settings",
        "specialLicenseURL": "http://support.userful.com/Docs/Nvidia_Offload_Support#Licensing",
        "sharedFilesHelpURL": "http://support.userful.com/Docs/Shared_Files",
        "stationMappingHelpURL": "http://support.userful.com/Docs/Station_Mapping",
        "stationMappingLearnMoreURL": "http://support.userful.com/Manuals/Userful_Network_Video_Wall/Station_Mapping",
        "stationMappingSavePresetHelpURL": "http://support.userful.com/Docs/Station_Mapping#Save_Preset",
        "supportURL": "http://support.userful.com/Main_Page",
        "supportNvidiaCardsURL": "http://support.userful.com/Docs/Nvidia_Offload_Support#Supported_Cards",
        "systemOperationsHelpURL": "http://support.userful.com/Docs/System_Operations",
        "terminalPort": "4200",
        "videoWallHelpURL": "http://support.userful.com/Docs/Configuring_Video_Wall",
        "videoWallAccelerationLearnMoreURL": "http://support.userful.com/Manuals/Userful_Network_Video_Wall/GPU_Assisted_Acceleration",
        "virtualMachinesHelpURL": "http://support.userful.com/Docs/Virtual_Machines",
        "zoneHelpURL": "http://support.userful.com/Docs/Configuring_Video_Wall#Configuring_Zones"
    },
    "diagnostic-urls" : {
        "support-url" : "http://support.userful.com/Docs/System_Diagnostics",
        "cpu-cores-learn-more-url" : "http://support.userful.com/Docs/System_Diagnostics#Host_CPU",
        "virtual-output-learn-more-url" : "http://support.userful.com/Docs/System_Diagnostics",
        "intel4thGPU-learn-more-url" : "http://support.userful.com/Docs/System_Diagnostics#Host_GPU",
        "total-ram-learn-more-url" : "http://support.userful.com/Docs/System_Diagnostics#Host_RAM",
        "gbit-settings-learn-more-url" : "http://support.userful.com/Docs/System_Diagnostics#Station_Network",
        "hardware-virtualization-learn-more-url" : "http://support.userful.com/Docs/System_Diagnostics",
        "vbox-extension-learn-more-url" : "http://support.userful.com/Docs/System_Diagnostics",
        "needs-firmware-update-learn-more-url" : "http://support.userful.com/Docs/System_Diagnostics",
        "needs-package-update-learn-more-url" : "http://support.userful.com/Docs/System_Diagnostics",
        "root-free-disk-space-learn-more-url" : "http://support.userful.com/Docs/System_Diagnostics#Hard_Disk_Space",
        "network-latency-learn-more-url" : "http://support.userful.com/Docs/System_Diagnostics#Network_Latency",
        "multiple-dhcp-servers" :"http://support.userful.com/Docs/System_Diagnostics#Network_DHCP_Status",
        "network-ip-conflict" : "http://support.userful.com/Docs/System_Diagnostics#Network_IP_Conflicts",
        "zero-client-health" : "http://support.userful.com/Docs/System_Diagnostics#Zero_Client_Health",
        "unsupported-devices-attached-more-url" : "http://support.userful.com/Docs/System_Diagnostics#USB_Hubs.2FDevices",
        "gstreamer-plugins-learn-more-url" : "http://support.userful.com/Docs/System_Diagnostics#Extra_Signage_Player_Codecs",
        "licensing-learn-more-url" : "http://support.userful.com/Docs/System_Diagnostics#Licensing"
    },
    "support-info" : {
        "supportTelephoneNumber": "+1 (866) 873-9119 (Canada/US)",
        "supportTicketPrefix": "USR"
    },
    "license-info" : {
        "activationCodePrefix" : "http://www.userful.com/store/buy-userful-multiplatform",
        "installLicenseURLSuffix" : "/license/install-license",
        "backupLicensURLSuffix" : "/license/backup-license"
    }
}
