{
   "welcomeScreens" : [
      {
         "onScreenIndex" : -1,
         "type" : "KIOSK",
         "defaultWelcomeScreen" : false,
         "controlCenterMode" : false,
         "profiles" : [
            {
               "params" : [
                  {
                     "paramValue" : "/usr/share/userful-plugin-webbrowser/icons/system-logo.png",
                     "type" : "IMAGE_SELECT",
                     "paramName" : "Icon"
                  }
               ],
               "name" : "Userful Control Center",
               "profileTemplate" : "Control Center"
            }
         ],
         "route" : "postinstall"
      },
      {
         "onScreenIndex" : 0,
         "type" : "NORMAL",
         "defaultWelcomeScreen" : true,
         "controlCenterMode" : true,
         "profiles" : [
            {
               "params" : [
                  {
                     "paramValue" : "/usr/share/userful-plugin-system-login/icons/tux.png",
                     "type" : "IMAGE_SELECT",
                     "paramName" : "Icon"
                  }
               ],
               "name" : "Linux Desktop",
               "profileTemplate" : "System Login"
            },
            {
               "params" : [
                  {
                     "paramValue" : "Chrome: Cloud Session",
                     "type" : "SELECT",
                     "paramName" : "Browser"
                  },
                  {
                     "paramValue" : "http://www.userful.com",
                     "type" : "TEXT",
                     "paramName" : "URL"
                  },
                  {
                     "paramValue" : "Discard",
                     "type" : "RADIO",
                     "paramName" : "Session Persistence"
                  },
                  {
                     "paramValue" : "/usr/share/userful-plugin-webbrowser/icons/system-logo.png",
                     "type" : "IMAGE_SELECT",
                     "paramName" : "Icon"
                  }
               ],
               "name" : "HTML5 Browser Kiosk",
               "profileTemplate" : "Web Browser"
            },
            {
               "params" : [
                  {
                     "paramValue" : "http://www.userful.com/",
                     "type" : "TEXT",
                     "paramName" : "Homepage"
                  },
                  {
                     "paramValue" : "[{\"type\":\"app\",\"name\":\"/usr/share/applications/google-chrome.desktop\",\"value\":\"Google Chrome\"},{\"type\":\"app\",\"name\":\"/usr/share/applications/firefox.desktop\",\"value\":\"Firefox Web Browser\"},{\"type\":\"app\",\"name\":\"/usr/share/applications/mate-terminal.desktop\",\"value\":\"MATE Terminal\"}]",
                     "type" : "APP_URL_SELECT",
                     "paramName" : "Panel Icons"
                  },
                  {
                     "paramValue" : "default-1920x1080.png",
                     "type" : "SELECT",
                     "paramName" : "Desktop Background"
                  },
                  {
                     "paramValue" : "/usr/share/userful-plugin-cloud-desktop/icons/cloud-icon.png",
                     "type" : "IMAGE_SELECT",
                     "paramName" : "Icon"
                  }
               ],
               "name" : "Cloud Desktop",
               "profileTemplate" : "Cloud Desktop"
            }
         ]
      },
      {
         "onScreenIndex" : 2,
         "type" : "KIOSK",
         "defaultWelcomeScreen" : false,
         "controlCenterMode" : false,
         "profiles" : [
            {
               "params" : [
                  {
                     "paramValue" : "[{\"type\":\"dir\",\"name\":\"/shared-files/signage\",\"value\":\"/shared-files/signage\"}]",
                     "type" : "FILE_DIR_SELECT",
                     "paramName" : "Playlist"
                  },
                  {
                     "paramValue" : "outside",
                     "type" : "RADIO",
                     "paramName" : "Scaling"
                  },
                  {
                     "paramValue" : "true",
                     "type" : "RADIO",
                     "paramName" : "Disable audio"
                  },
                  {
                     "paramValue" : "/usr/share/userful-plugin-signage-player/icons/MediaPlayer.png",
                     "type" : "IMAGE_SELECT",
                     "paramName" : "Icon"
                  }
               ],
               "name" : "4K/1080p Samples",
               "profileTemplate" : "Signage Player"
            }
         ]
      },
      {
         "onScreenIndex" : 3,
         "type" : "KIOSK",
         "defaultWelcomeScreen" : false,
         "controlCenterMode" : false,
         "profiles" : [
            {
               "params" : [
                  {
                     "paramValue" : "Chrome: Kiosk",
                     "type" : "SELECT",
                     "paramName" : "Browser"
                  },
                  {
                     "paramValue" : "https://maps.google.com",
                     "type" : "TEXT",
                     "paramName" : "URL"
                  },
                  {
                     "paramValue" : "Discard",
                     "type" : "RADIO",
                     "paramName" : "Session Persistence"
                  },
                  {
                     "paramValue" : "/usr/share/userful-plugin-webbrowser/icons/settings.png",
                     "type" : "IMAGE_SELECT",
                     "paramName" : "Icon"
                  }
               ],
               "name" : "Control Room Sample",
               "profileTemplate" : "Web Browser"
            }
         ]
      },
      {
         "onScreenIndex" : 4,
         "type" : "KIOSK",
         "defaultWelcomeScreen" : false,
         "controlCenterMode" : false,
         "profiles" : [
            {
               "params" : [
                  {
                     "paramValue" : "Chrome: Kiosk",
                     "type" : "SELECT",
                     "paramName" : "Browser"
                  },
                  {
                     "paramValue" : "http://kitasenjudesign.com/work/46/",
                     "type" : "TEXT",
                     "paramName" : "URL"
                  },
                  {
                     "paramValue" : "Discard",
                     "type" : "RADIO",
                     "paramName" : "Session Persistence"
                  },
                  {
                     "paramValue" : "/usr/share/userful-plugin-webbrowser/icons/chrome.png",
                     "type" : "IMAGE_SELECT",
                     "paramName" : "Icon"
                  }
               ],
               "name" : "WebGL Sample",
               "profileTemplate" : "Web Browser"
            }
         ]
      },
      {
         "onScreenIndex" : 5,
         "type" : "NORMAL",
         "defaultWelcomeScreen" : false,
         "controlCenterMode" : false,
         "profiles" : [
            {
               "params" : [
                  {
                     "paramValue" : "Chrome: Kiosk",
                     "type" : "SELECT",
                     "paramName" : "Browser"
                  },
                  {
                     "paramValue" : "http://ad.flexitive.com/QtOnNURo80u",
                     "type" : "TEXT",
                     "paramName" : "URL"
                  },
                  {
                     "paramValue" : "Discard",
                     "type" : "RADIO",
                     "paramName" : "Session Persistence"
                  },
                  {
                     "paramValue" : "/usr/share/userful-plugin-webbrowser/icons/cloud-icon.png",
                     "type" : "IMAGE_SELECT",
                     "paramName" : "Icon"
                  }
               ],
               "name" : "Flexitive CMS Demo",
               "profileTemplate" : "Web Browser"
            },
            {
               "params" : [
                  {
                     "paramValue" : "HSATJZ6RKHT4",
                     "type" : "TEXT",
                     "paramName" : "Claim ID"
                  },
                  {
                     "paramValue" : "1920",
                     "type" : "TEXT",
                     "paramName" : "Presentation Width"
                  },
                  {
                     "paramValue" : "1080",
                     "type" : "TEXT",
                     "paramName" : "Presentation Height"
                  },
                  {
                     "paramValue" : "/usr/share/userful-plugin-rvplayer/icons/rvplayer.png",
                     "type" : "IMAGE_SELECT",
                     "paramName" : "Icon"
                  }
               ],
               "name" : "Rise Vision CMS Demo",
               "profileTemplate" : "Rise Vision Player"
            },
            {
               "params" : [
                  {
                     "paramValue" : "/usr/share/userful-plugin-uievolution/icons/uievolution.png",
                     "type" : "IMAGE_SELECT",
                     "paramName" : "Icon"
                  }
               ],
               "name" : "UIEvolution Demo",
               "profileTemplate" : "UIEvolution Player"
            }
         ]
      }
   ]
}
